County,Food Insecurity %,RUCC,status
Barbour,16.2%,9,Rural
Berkeley,11.7%,2,Urban
Boone,16.8%,3,Urban
Braxton,17.2%,8,Rural
Brooke,14.3%,3,Urban
Cabell,16.6%,2,Urban
Calhoun,23.3%,8,Rural
Clay,20.2%,3,Urban
Doddridge,12.9%,9,Rural
Fayette,17.1%,3,Urban
Gilmer,13.6%,9,Rural
Grant,13.0%,9,Rural
Greenbrier,16.7%,6,Rural
Hampshire,14.8%,3,Urban
Hancock,15.3%,3,Urban
Hardy,15.1%,8,Rural
Harrison,13.8%,5,Rural
Jackson,16.2%,8,Rural
Jefferson,10.2%,1,Urban
Kanawha,15.4%,3,Urban
Lewis,16.5%,9,Rural
Lincoln,19.3%,8,Rural
Logan,18.9%,6,Rural
Marion,22.7%,9,Rural
Marshall,14.3%,4,Rural
Mason,15.1%,3,Urban
McDowell,15.7%,6,Rural
Mercer,17.0%,4,Rural
Mineral,13.4%,7,Rural
Mingo,23.5%,8,Rural
Monongalia,14.0%,3,Urban
Monroe,14.8%,8,Rural
Morgan,11.8%,2,Urban
Nicholas,16.4%,8,Rural
Ohio,14.9%,3,Urban
Pendleton,14.1%,8,Rural
Pleasants,12.8%,8,Rural
Pocahontas,16.7%,9,Rural
Preston,14.0%,3,Urban
Putnam,11.1%,2,Urban
Raleigh,17.6%,3,Urban
Randolph,14.1%,7,Rural
Ritchie,18.5%,8,Rural
Roane,18.1%,8,Rural
Summers,17.4%,8,Rural
Taylor,14.4%,6,Rural
Tucker,14.1%,9,Rural
Tyler,17.0%,9,Rural
Upshur,15.6%,7,Rural
Wayne,16.1%,2,Urban
Webster,19.0%,9,Rural
Wetzel,16.4%,7,Rural
Wirt,16.2%,3,Urban
Wood,14.7%,3,Urban
Wyoming,19.8%,8,Rural
